"nodeID_from","nodeID_to","weight","state"
"08001","08003",79062,"Colorado"
"08001","08005",190579,"Colorado"
"08001","08007",21886,"Colorado"
"08001","08009",37271,"Colorado"
"08001","08011",53236,"Colorado"
"08001","08013",123529,"Colorado"
"08001","08014",294567,"Colorado"
"08001","08015",37913,"Colorado"
"08001","08017",56034,"Colorado"
"08001","08019",100260,"Colorado"
"08001","08021",67978,"Colorado"
"08001","08023",96517,"Colorado"
"08001","08025",50191,"Colorado"
"08001","08027",31493,"Colorado"
"08001","08029",34691,"Colorado"
"08001","08031",288660,"Colorado"
"08001","08033",19612,"Colorado"
"08001","08035",88526,"Colorado"
"08001","08037",49920,"Colorado"
"08001","08039",105773,"Colorado"
"08001","08041",38223,"Colorado"
"08001","08043",35105,"Colorado"
"08001","08045",46602,"Colorado"
"08001","08047",129741,"Colorado"
"08001","08049",64205,"Colorado"
"08001","08051",44022,"Colorado"
"08001","08053",16373,"Colorado"
"08001","08055",52955,"Colorado"
"08001","08057",59047,"Colorado"
"08001","08059",218398,"Colorado"
"08001","08061",56056,"Colorado"
"08001","08063",64220,"Colorado"
"08001","08065",91076,"Colorado"
"08001","08067",27708,"Colorado"
"08001","08069",71305,"Colorado"
"08001","08071",72531,"Colorado"
"08001","08073",68706,"Colorado"
"08001","08075",75987,"Colorado"
"08001","08077",46126,"Colorado"
"08001","08079",18742,"Colorado"
"08001","08081",45264,"Colorado"
"08001","08083",18952,"Colorado"
"08001","08085",32997,"Colorado"
"08001","08087",114907,"Colorado"
"08001","08089",62557,"Colorado"
"08001","08091",27661,"Colorado"
"08001","08093",80718,"Colorado"
"08001","08095",63806,"Colorado"
"08001","08097",24496,"Colorado"
"08001","08099",53251,"Colorado"
"08001","08101",66491,"Colorado"
"08001","08103",32338,"Colorado"
"08001","08105",69098,"Colorado"
"08001","08107",38909,"Colorado"
"08001","08109",57238,"Colorado"
"08001","08111",32354,"Colorado"
"08001","08113",21043,"Colorado"
"08001","08115",65679,"Colorado"
"08001","08117",49415,"Colorado"
"08001","08119",30614,"Colorado"
"08001","08121",78999,"Colorado"
"08001","08123",183734,"Colorado"
"08001","08125",64056,"Colorado"
"08003","08005",53919,"Colorado"
"08003","08007",261306,"Colorado"
"08003","08009",371982,"Colorado"
"08003","08011",372046,"Colorado"
"08003","08013",32296,"Colorado"
"08003","08014",44427,"Colorado"
"08003","08015",355030,"Colorado"
"08003","08017",252203,"Colorado"
"08003","08019",33452,"Colorado"
"08003","08021",18594313,"Colorado"
"08003","08023",8654194,"Colorado"
"08003","08025",167181,"Colorado"
"08003","08027",152374,"Colorado"
"08003","08029",98962,"Colorado"
"08003","08031",60345,"Colorado"
"08003","08033",61949,"Colorado"
"08003","08035",42470,"Colorado"
"08003","08037",51414,"Colorado"
"08003","08039",61821,"Colorado"
"08003","08041",103009,"Colorado"
"08003","08043",200806,"Colorado"
"08003","08045",68305,"Colorado"
"08003","08047",37816,"Colorado"
"08003","08049",40491,"Colorado"
"08003","08051",153854,"Colorado"
"08003","08053",124548,"Colorado"
"08003","08055",540270,"Colorado"
"08003","08057",96446,"Colorado"
"08003","08059",64565,"Colorado"
"08003","08061",413277,"Colorado"
"08003","08063",175150,"Colorado"
"08003","08065",325709,"Colorado"
"08003","08067",123376,"Colorado"
"08003","08069",56256,"Colorado"
"08003","08071",286158,"Colorado"
"08003","08073",109686,"Colorado"
"08003","08075",74458,"Colorado"
"08003","08077",130042,"Colorado"
"08003","08079",1591784,"Colorado"
"08003","08081",66528,"Colorado"
"08003","08083",124336,"Colorado"
"08003","08085",117952,"Colorado"
"08003","08087",95680,"Colorado"
"08003","08089",373811,"Colorado"
"08003","08091",37324,"Colorado"
"08003","08093",63948,"Colorado"
"08003","08095",56389,"Colorado"
"08003","08097",20697,"Colorado"
"08003","08099",249262,"Colorado"
"08003","08101",416754,"Colorado"
"08003","08103",183207,"Colorado"
"08003","08105",10909100,"Colorado"
"08003","08107",38929,"Colorado"
"08003","08109",5983564,"Colorado"
"08003","08111",58541,"Colorado"
"08003","08113",32557,"Colorado"
"08003","08115",35714,"Colorado"
"08003","08117",37406,"Colorado"
"08003","08119",51075,"Colorado"
"08003","08121",169061,"Colorado"
"08003","08123",70054,"Colorado"
"08003","08125",146064,"Colorado"
"08005","08007",22580,"Colorado"
"08005","08009",25580,"Colorado"
"08005","08011",35814,"Colorado"
"08005","08013",59219,"Colorado"
"08005","08014",81801,"Colorado"
"08005","08015",41315,"Colorado"
"08005","08017",43764,"Colorado"
"08005","08019",88445,"Colorado"
"08005","08021",42327,"Colorado"
"08005","08023",44218,"Colorado"
"08005","08025",30578,"Colorado"
"08005","08027",30722,"Colorado"
"08005","08029",27013,"Colorado"
"08005","08031",268510,"Colorado"
"08005","08033",16371,"Colorado"
"08005","08035",203853,"Colorado"
"08005","08037",46076,"Colorado"
"08005","08039",198360,"Colorado"
"08005","08041",45041,"Colorado"
"08005","08043",30015,"Colorado"
"08005","08045",36143,"Colorado"
"08005","08047",73769,"Colorado"
"08005","08049",61636,"Colorado"
"08005","08051",46348,"Colorado"
"08005","08053",22412,"Colorado"
"08005","08055",39202,"Colorado"
"08005","08057",34390,"Colorado"
"08005","08059",150484,"Colorado"
"08005","08061",37665,"Colorado"
"08005","08063",51341,"Colorado"
"08005","08065",60559,"Colorado"
"08005","08067",30096,"Colorado"
"08005","08069",53891,"Colorado"
"08005","08071",46515,"Colorado"
"08005","08073",67058,"Colorado"
"08005","08075",44360,"Colorado"
"08005","08077",39220,"Colorado"
"08005","08079",18761,"Colorado"
"08005","08081",28887,"Colorado"
"08005","08083",15730,"Colorado"
"08005","08085",26051,"Colorado"
"08005","08087",49595,"Colorado"
"08005","08089",40125,"Colorado"
"08005","08091",26853,"Colorado"
"08005","08093",81121,"Colorado"
"08005","08095",34065,"Colorado"
"08005","08097",32299,"Colorado"
"08005","08099",40260,"Colorado"
"08005","08101",48329,"Colorado"
"08005","08103",24595,"Colorado"
"08005","08105",40667,"Colorado"
"08005","08107",43419,"Colorado"
"08005","08109",40508,"Colorado"
"08005","08111",27230,"Colorado"
"08005","08113",24297,"Colorado"
"08005","08115",37577,"Colorado"
"08005","08117",52897,"Colorado"
"08005","08119",29474,"Colorado"
"08005","08121",52086,"Colorado"
"08005","08123",67030,"Colorado"
"08005","08125",38963,"Colorado"
"08007","08009",83183,"Colorado"
"08007","08011",35065,"Colorado"
"08007","08013",29429,"Colorado"
"08007","08014",22903,"Colorado"
"08007","08015",97421,"Colorado"
"08007","08017",25653,"Colorado"
"08007","08019",52292,"Colorado"
"08007","08021",417089,"Colorado"
"08007","08023",97055,"Colorado"
"08007","08025",56787,"Colorado"
"08007","08027",71771,"Colorado"
"08007","08029",98294,"Colorado"
"08007","08031",25346,"Colorado"
"08007","08033",365612,"Colorado"
"08007","08035",28175,"Colorado"
"08007","08037",51393,"Colorado"
"08007","08039",55568,"Colorado"
"08007","08041",27220,"Colorado"
"08007","08043",83542,"Colorado"
"08007","08045",44302,"Colorado"
"08007","08047",41959,"Colorado"
"08007","08049",55698,"Colorado"
"08007","08051",131428,"Colorado"
"08007","08053",660359,"Colorado"
"08007","08055",41720,"Colorado"
"08007","08057",67873,"Colorado"
"08007","08059",37872,"Colorado"
"08007","08061",39290,"Colorado"
"08007","08063",23610,"Colorado"
"08007","08065",53560,"Colorado"
"08007","08067",1295405,"Colorado"
"08007","08069",39911,"Colorado"
"08007","08071",44944,"Colorado"
"08007","08073",59436,"Colorado"
"08007","08075",29597,"Colorado"
"08007","08077",76456,"Colorado"
"08007","08079",787455,"Colorado"
"08007","08081",58871,"Colorado"
"08007","08083",401778,"Colorado"
"08007","08085",120559,"Colorado"
"08007","08087",20268,"Colorado"
"08007","08089",94601,"Colorado"
"08007","08091",135420,"Colorado"
"08007","08093",86922,"Colorado"
"08007","08095",17889,"Colorado"
"08007","08097",37901,"Colorado"
"08007","08099",40131,"Colorado"
"08007","08101",35783,"Colorado"
"08007","08103",97329,"Colorado"
"08007","08105",436991,"Colorado"
"08007","08107",86949,"Colorado"
"08007","08109",135682,"Colorado"
"08007","08111",516884,"Colorado"
"08007","08113",153280,"Colorado"
"08007","08115",153315,"Colorado"
"08007","08117",82072,"Colorado"
"08007","08119",41186,"Colorado"
"08007","08121",28919,"Colorado"
"08007","08123",30271,"Colorado"
"08007","08125",32315,"Colorado"
"08009","08011",5268349,"Colorado"
"08009","08013",15184,"Colorado"
"08009","08014",27330,"Colorado"
"08009","08015",145776,"Colorado"
"08009","08017",6575915,"Colorado"
"08009","08019",26203,"Colorado"
"08009","08021",108329,"Colorado"
"08009","08023",170325,"Colorado"
"08009","08025",1263215,"Colorado"
"08009","08027",305992,"Colorado"
"08009","08029",85194,"Colorado"
"08009","08031",18703,"Colorado"
"08009","08033",75217,"Colorado"
"08009","08035",48397,"Colorado"
"08009","08037",30903,"Colorado"
"08009","08039",156041,"Colorado"
"08009","08041",60474,"Colorado"
"08009","08043",231597,"Colorado"
"08009","08045",31842,"Colorado"
"08009","08047",88241,"Colorado"
"08009","08049",94780,"Colorado"
"08009","08051",183156,"Colorado"
"08009","08053",68694,"Colorado"
"08009","08055",462020,"Colorado"
"08009","08057",176493,"Colorado"
"08009","08059",35173,"Colorado"
"08009","08061",9746054,"Colorado"
"08009","08063",1024452,"Colorado"
"08009","08065",34715,"Colorado"
"08009","08067",30420,"Colorado"
"08009","08069",49803,"Colorado"
"08009","08071",1169781,"Colorado"
"08009","08073",1088605,"Colorado"
"08009","08075",317809,"Colorado"
"08009","08077",43958,"Colorado"
"08009","08079",225135,"Colorado"
"08009","08081",49076,"Colorado"
"08009","08083",116201,"Colorado"
"08009","08085",43553,"Colorado"
"08009","08087",187381,"Colorado"
"08009","08089",2168248,"Colorado"
"08009","08091",10302,"Colorado"
"08009","08093",33306,"Colorado"
"08009","08095",641808,"Colorado"
"08009","08097",5029,"Colorado"
"08009","08099",9890508,"Colorado"
"08009","08101",252817,"Colorado"
"08009","08103",134720,"Colorado"
"08009","08105",364231,"Colorado"
"08009","08107",19562,"Colorado"
"08009","08109",270381,"Colorado"
"08009","08111",20469,"Colorado"
"08009","08113",14800,"Colorado"
"08009","08115",1041553,"Colorado"
"08009","08117",9363,"Colorado"
"08009","08119",104599,"Colorado"
"08009","08121",722683,"Colorado"
"08009","08123",90832,"Colorado"
"08009","08125",706337,"Colorado"
"08011","08013",22081,"Colorado"
"08011","08014",27122,"Colorado"
"08011","08015",85423,"Colorado"
"08011","08017",2754184,"Colorado"
"08011","08019",35823,"Colorado"
"08011","08021",148771,"Colorado"
"08011","08023",302553,"Colorado"
"08011","08025",4498012,"Colorado"
"08011","08027",300179,"Colorado"
"08011","08029",53491,"Colorado"
"08011","08031",37822,"Colorado"
"08011","08033",39005,"Colorado"
"08011","08035",40557,"Colorado"
"08011","08037",15012,"Colorado"
"08011","08039",102917,"Colorado"
"08011","08041",92892,"Colorado"
"08011","08043",356211,"Colorado"
"08011","08045",29471,"Colorado"
"08011","08047",35402,"Colorado"
"08011","08049",35765,"Colorado"
"08011","08051",94326,"Colorado"
"08011","08053",32342,"Colorado"
"08011","08055",437815,"Colorado"
"08011","08057",340762,"Colorado"
"08011","08059",41572,"Colorado"
"08011","08061",9539455,"Colorado"
"08011","08063",750627,"Colorado"
"08011","08065",94116,"Colorado"
"08011","08067",28633,"Colorado"
"08011","08069",47546,"Colorado"
"08011","08071",643130,"Colorado"
"08011","08073",770381,"Colorado"
"08011","08075",151103,"Colorado"
"08011","08077",74797,"Colorado"
"08011","08079",115649,"Colorado"
"08011","08081",72562,"Colorado"
"08011","08083",28397,"Colorado"
"08011","08085",49313,"Colorado"
"08011","08087",91039,"Colorado"
"08011","08089",10015763,"Colorado"
"08011","08091",13652,"Colorado"
"08011","08093",51085,"Colorado"
"08011","08095",170012,"Colorado"
"08011","08097",10390,"Colorado"
"08011","08099",9119696,"Colorado"
"08011","08101",659829,"Colorado"
"08011","08103",163450,"Colorado"
"08011","08105",241162,"Colorado"
"08011","08107",24963,"Colorado"
"08011","08109",142611,"Colorado"
"08011","08111",19187,"Colorado"
"08011","08113",16001,"Colorado"
"08011","08115",124556,"Colorado"
"08011","08117",15440,"Colorado"
"08011","08119",73081,"Colorado"
"08011","08121",386814,"Colorado"
"08011","08123",87865,"Colorado"
"08011","08125",226829,"Colorado"
"08013","08014",297553,"Colorado"
"08013","08015",73768,"Colorado"
"08013","08017",24870,"Colorado"
"08013","08019",91236,"Colorado"
"08013","08021",23439,"Colorado"
"08013","08023",27642,"Colorado"
"08013","08025",17883,"Colorado"
"08013","08027",45595,"Colorado"
"08013","08029",51161,"Colorado"
"08013","08031",118799,"Colorado"
"08013","08033",26447,"Colorado"
"08013","08035",60522,"Colorado"
"08013","08037",79217,"Colorado"
"08013","08039",49923,"Colorado"
"08013","08041",28335,"Colorado"
"08013","08043",24707,"Colorado"
"08013","08045",57403,"Colorado"
"08013","08047",269520,"Colorado"
"08013","08049",86632,"Colorado"
"08013","08051",113065,"Colorado"
"08013","08053",24765,"Colorado"
"08013","08055",34923,"Colorado"
"08013","08057",46321,"Colorado"
"08013","08059",109865,"Colorado"
"08013","08061",20875,"Colorado"
"08013","08063",26361,"Colorado"
"08013","08065",74846,"Colorado"
"08013","08067",61308,"Colorado"
"08013","08069",129740,"Colorado"
"08013","08071",32578,"Colorado"
"08013","08073",28092,"Colorado"
"08013","08075",35625,"Colorado"
"08013","08077",34902,"Colorado"
"08013","08079",24776,"Colorado"
"08013","08081",24253,"Colorado"
"08013","08083",22448,"Colorado"
"08013","08085",25700,"Colorado"
"08013","08087",48649,"Colorado"
"08013","08089",29110,"Colorado"
"08013","08091",93539,"Colorado"
"08013","08093",62619,"Colorado"
"08013","08095",34800,"Colorado"
"08013","08097",108237,"Colorado"
"08013","08099",22333,"Colorado"
"08013","08101",25142,"Colorado"
"08013","08103",26543,"Colorado"
"08013","08105",28122,"Colorado"
"08013","08107",102830,"Colorado"
"08013","08109",116271,"Colorado"
"08013","08111",90049,"Colorado"
"08013","08113",115321,"Colorado"
"08013","08115",39814,"Colorado"
"08013","08117",91063,"Colorado"
"08013","08119",26150,"Colorado"
"08013","08121",39853,"Colorado"
"08013","08123",208084,"Colorado"
"08013","08125",31832,"Colorado"
"08014","08015",49171,"Colorado"
"08014","08017",44578,"Colorado"
"08014","08019",87616,"Colorado"
"08014","08021",46447,"Colorado"
"08014","08023",45801,"Colorado"
"08014","08025",37491,"Colorado"
"08014","08027",35668,"Colorado"
"08014","08029",30662,"Colorado"
"08014","08031",132990,"Colorado"
"08014","08033",22220,"Colorado"
"08014","08035",94206,"Colorado"
"08014","08037",53408,"Colorado"
"08014","08039",86270,"Colorado"
"08014","08041",31937,"Colorado"
"08014","08043",27152,"Colorado"
"08014","08045",38671,"Colorado"
"08014","08047",113788,"Colorado"
"08014","08049",71736,"Colorado"
"08014","08051",65738,"Colorado"
"08014","08053",20046,"Colorado"
"08014","08055",28931,"Colorado"
"08014","08057",48246,"Colorado"
"08014","08059",174174,"Colorado"
"08014","08061",30416,"Colorado"
"08014","08063",40432,"Colorado"
"08014","08065",60286,"Colorado"
"08014","08067",35420,"Colorado"
"08014","08069",89429,"Colorado"
"08014","08071",36009,"Colorado"
"08014","08073",37301,"Colorado"
"08014","08075",70991,"Colorado"
"08014","08077",43053,"Colorado"
"08014","08079",25652,"Colorado"
"08014","08081",25720,"Colorado"
"08014","08083",18914,"Colorado"
"08014","08085",28723,"Colorado"
"08014","08087",64505,"Colorado"
"08014","08089",34850,"Colorado"
"08014","08091",41329,"Colorado"
"08014","08093",71202,"Colorado"
"08014","08095",46552,"Colorado"
"08014","08097",41121,"Colorado"
"08014","08099",31570,"Colorado"
"08014","08101",39094,"Colorado"
"08014","08103",30378,"Colorado"
"08014","08105",36156,"Colorado"
"08014","08107",57225,"Colorado"
"08014","08109",45661,"Colorado"
"08014","08111",42509,"Colorado"
"08014","08113",38937,"Colorado"
"08014","08115",79992,"Colorado"
"08014","08117",65171,"Colorado"
"08014","08119",29780,"Colorado"
"08014","08121",69358,"Colorado"
"08014","08123",154550,"Colorado"
"08014","08125",42179,"Colorado"
"08015","08017",139420,"Colorado"
"08015","08019",200439,"Colorado"
"08015","08021",220259,"Colorado"
"08015","08023",95921,"Colorado"
"08015","08025",86620,"Colorado"
"08015","08027",475471,"Colorado"
"08015","08029",119719,"Colorado"
"08015","08031",59579,"Colorado"
"08015","08033",204756,"Colorado"
"08015","08035",62338,"Colorado"
"08015","08037",110849,"Colorado"
"08015","08039",73750,"Colorado"
"08015","08041",74248,"Colorado"
"08015","08043",755872,"Colorado"
"08015","08045",89105,"Colorado"
"08015","08047",82479,"Colorado"
"08015","08049",173807,"Colorado"
"08015","08051",462542,"Colorado"
"08015","08053",169271,"Colorado"
"08015","08055",119721,"Colorado"
"08015","08057",170922,"Colorado"
"08015","08059",81752,"Colorado"
"08015","08061",85450,"Colorado"
"08015","08063",107594,"Colorado"
"08015","08065",1117036,"Colorado"
"08015","08067",150023,"Colorado"
"08015","08069",66860,"Colorado"
"08015","08071",67753,"Colorado"
"08015","08073",166454,"Colorado"
"08015","08075",63308,"Colorado"
"08015","08077",78463,"Colorado"
"08015","08079",316896,"Colorado"
"08015","08081",77833,"Colorado"
"08015","08083",60100,"Colorado"
"08015","08085",85383,"Colorado"
"08015","08087",46071,"Colorado"
"08015","08089",98042,"Colorado"
"08015","08091",175352,"Colorado"
"08015","08093",378011,"Colorado"
"08015","08095",43508,"Colorado"
"08015","08097",104145,"Colorado"
"08015","08099",99416,"Colorado"
"08015","08101",110112,"Colorado"
"08015","08103",85681,"Colorado"
"08015","08105",356987,"Colorado"
"08015","08107",182324,"Colorado"
"08015","08109",1481968,"Colorado"
"08015","08111",234834,"Colorado"
"08015","08113",178523,"Colorado"
"08015","08115",69670,"Colorado"
"08015","08117",304963,"Colorado"
"08015","08119",157421,"Colorado"
"08015","08121",80088,"Colorado"
"08015","08123",45443,"Colorado"
"08015","08125",59065,"Colorado"
"08017","08019",24772,"Colorado"
"08017","08021",73116,"Colorado"
"08017","08023",61940,"Colorado"
"08017","08025",905828,"Colorado"
"08017","08027",230289,"Colorado"
"08017","08029",40393,"Colorado"
"08017","08031",35609,"Colorado"
"08017","08033",43409,"Colorado"
"08017","08035",62665,"Colorado"
"08017","08037",31646,"Colorado"
"08017","08039",343172,"Colorado"
"08017","08041",88695,"Colorado"
"08017","08043",188036,"Colorado"
"08017","08045",65205,"Colorado"
"08017","08047",89016,"Colorado"
"08017","08049",64321,"Colorado"
"08017","08051",137501,"Colorado"
"08017","08053",30589,"Colorado"
"08017","08055",203447,"Colorado"
"08017","08057",157721,"Colorado"
"08017","08059",42688,"Colorado"
"08017","08061",60951582,"Colorado"
"08017","08063",16607821,"Colorado"
"08017","08065",100791,"Colorado"
"08017","08067",28392,"Colorado"
"08017","08069",85652,"Colorado"
"08017","08071",397434,"Colorado"
"08017","08073",7528433,"Colorado"
"08017","08075",806666,"Colorado"
"08017","08077",44971,"Colorado"
"08017","08079",308333,"Colorado"
"08017","08081",142521,"Colorado"
"08017","08083",74224,"Colorado"
"08017","08085",33708,"Colorado"
"08017","08087",510223,"Colorado"
"08017","08089",1104080,"Colorado"
"08017","08091",33097,"Colorado"
"08017","08093",99758,"Colorado"
"08017","08095",896341,"Colorado"
"08017","08097",56034,"Colorado"
"08017","08099",6552943,"Colorado"
"08017","08101",154265,"Colorado"
"08017","08103",238656,"Colorado"
"08017","08105",196115,"Colorado"
"08017","08107",41886,"Colorado"
"08017","08109",56528,"Colorado"
"08017","08111",12499,"Colorado"
"08017","08113",20728,"Colorado"
"08017","08115",1215431,"Colorado"
"08017","08117",13592,"Colorado"
"08017","08119",82187,"Colorado"
"08017","08121",2556676,"Colorado"
"08017","08123",165381,"Colorado"
"08017","08125",2156431,"Colorado"
"08019","08021",35328,"Colorado"
"08019","08023",66660,"Colorado"
"08019","08025",21110,"Colorado"
"08019","08027",54005,"Colorado"
"08019","08029",121887,"Colorado"
"08019","08031",131234,"Colorado"
"08019","08033",168533,"Colorado"
"08019","08035",106377,"Colorado"
"08019","08037",118624,"Colorado"
"08019","08039",101388,"Colorado"
"08019","08041",32243,"Colorado"
"08019","08043",67914,"Colorado"
"08019","08045",84351,"Colorado"
"08019","08047",1383478,"Colorado"
"08019","08049",321547,"Colorado"
"08019","08051",147552,"Colorado"
"08019","08053",31623,"Colorado"
"08019","08055",82372,"Colorado"
"08019","08057",83593,"Colorado"
"08019","08059",396704,"Colorado"
"08019","08061",37463,"Colorado"
"08019","08063",41058,"Colorado"
"08019","08065",211448,"Colorado"
"08019","08067",67660,"Colorado"
"08019","08069",69366,"Colorado"
"08019","08071",38370,"Colorado"
"08019","08073",94798,"Colorado"
"08019","08075",59397,"Colorado"
"08019","08077",92513,"Colorado"
"08019","08079",85264,"Colorado"
"08019","08081",56194,"Colorado"
"08019","08083",43334,"Colorado"
"08019","08085",59778,"Colorado"
"08019","08087",55778,"Colorado"
"08019","08089",26178,"Colorado"
"08019","08091",111955,"Colorado"
"08019","08093",456085,"Colorado"
"08019","08095",35272,"Colorado"
"08019","08097",82388,"Colorado"
"08019","08099",28929,"Colorado"
"08019","08101",36585,"Colorado"
"08019","08103",95829,"Colorado"
"08019","08105",51559,"Colorado"
"08019","08107",166483,"Colorado"
"08019","08109",69064,"Colorado"
"08019","08111",153362,"Colorado"
"08019","08113",78519,"Colorado"
"08019","08115",34897,"Colorado"
"08019","08117",458813,"Colorado"
"08019","08119",66993,"Colorado"
"08019","08121",44684,"Colorado"
"08019","08123",58018,"Colorado"
"08019","08125",33648,"Colorado"
"08021","08023",5316410,"Colorado"
"08021","08025",115019,"Colorado"
"08021","08027",97186,"Colorado"
"08021","08029",101442,"Colorado"
"08021","08031",43167,"Colorado"
"08021","08033",64941,"Colorado"
"08021","08035",36275,"Colorado"
"08021","08037",57249,"Colorado"
"08021","08039",72953,"Colorado"
"08021","08041",77359,"Colorado"
"08021","08043",147444,"Colorado"
"08021","08045",59601,"Colorado"
"08021","08047",17173,"Colorado"
"08021","08049",41042,"Colorado"
"08021","08051",155838,"Colorado"
"08021","08053",90316,"Colorado"
"08021","08055",359581,"Colorado"
"08021","08057",66380,"Colorado"
"08021","08059",52288,"Colorado"
"08021","08061",190560,"Colorado"
"08021","08063",100915,"Colorado"
"08021","08065",361553,"Colorado"
"08021","08067",107521,"Colorado"
"08021","08069",41292,"Colorado"
"08021","08071",254109,"Colorado"
"08021","08073",72113,"Colorado"
"08021","08075",60048,"Colorado"
"08021","08077",117391,"Colorado"
"08021","08079",732137,"Colorado"
"08021","08081",65169,"Colorado"
"08021","08083",141539,"Colorado"
"08021","08085",88345,"Colorado"
"08021","08087",44613,"Colorado"
"08021","08089",248660,"Colorado"
"08021","08091",25454,"Colorado"
"08021","08093",61825,"Colorado"
"08021","08095",48103,"Colorado"
"08021","08097",15765,"Colorado"
"08021","08099",111519,"Colorado"
"08021","08101",312175,"Colorado"
"08021","08103",226566,"Colorado"
"08021","08105",6163059,"Colorado"
"08021","08107",57898,"Colorado"
"08021","08109",2649537,"Colorado"
"08021","08111",46047,"Colorado"
"08021","08113",43468,"Colorado"
"08021","08115",23858,"Colorado"
"08021","08117",41824,"Colorado"
"08021","08119",33403,"Colorado"
"08021","08121",205562,"Colorado"
"08021","08123",61448,"Colorado"
"08021","08125",148109,"Colorado"
"08023","08025",192110,"Colorado"
"08023","08027",85308,"Colorado"
"08023","08029",52192,"Colorado"
"08023","08031",61359,"Colorado"
"08023","08033",22346,"Colorado"
"08023","08035",29012,"Colorado"
"08023","08037",33113,"Colorado"
"08023","08039",39784,"Colorado"
"08023","08041",96599,"Colorado"
"08023","08043",63336,"Colorado"
"08023","08045",45282,"Colorado"
"08023","08047",31250,"Colorado"
"08023","08049",20604,"Colorado"
"08023","08051",43579,"Colorado"
"08023","08053",38845,"Colorado"
"08023","08055",685209,"Colorado"
"08023","08057",16735,"Colorado"
"08023","08059",63701,"Colorado"
"08023","08061",47751,"Colorado"
"08023","08063",43187,"Colorado"
"08023","08065",238258,"Colorado"
"08023","08067",34104,"Colorado"
"08023","08069",33448,"Colorado"
"08023","08071",258770,"Colorado"
"08023","08073",42942,"Colorado"
"08023","08075",42292,"Colorado"
"08023","08077",52495,"Colorado"
"08023","08079",416780,"Colorado"
"08023","08081",26534,"Colorado"
"08023","08083",33534,"Colorado"
"08023","08085",39263,"Colorado"
"08023","08087",27419,"Colorado"
"08023","08089",157882,"Colorado"
"08023","08091",19707,"Colorado"
"08023","08093",40701,"Colorado"
"08023","08095",16518,"Colorado"
"08023","08097",12821,"Colorado"
"08023","08099",84917,"Colorado"
"08023","08101",339873,"Colorado"
"08023","08103",32959,"Colorado"
"08023","08105",3307937,"Colorado"
"08023","08107",20703,"Colorado"
"08023","08109",2089590,"Colorado"
"08023","08111",32796,"Colorado"
"08023","08113",11645,"Colorado"
"08023","08115",26262,"Colorado"
"08023","08117",23572,"Colorado"
"08023","08119",70137,"Colorado"
"08023","08121",86507,"Colorado"
"08023","08123",54598,"Colorado"
"08023","08125",130863,"Colorado"
"08025","08027",369029,"Colorado"
"08025","08029",58717,"Colorado"
"08025","08031",31411,"Colorado"
"08025","08033",18263,"Colorado"
"08025","08035",35591,"Colorado"
"08025","08037",16567,"Colorado"
"08025","08039",144961,"Colorado"
"08025","08041",97005,"Colorado"
"08025","08043",429976,"Colorado"
"08025","08045",30595,"Colorado"
"08025","08047",25212,"Colorado"
"08025","08049",49953,"Colorado"
"08025","08051",61425,"Colorado"
"08025","08053",7346,"Colorado"
"08025","08055",574148,"Colorado"
"08025","08057",190336,"Colorado"
"08025","08059",36799,"Colorado"
"08025","08061",2856940,"Colorado"
"08025","08063",416310,"Colorado"
"08025","08065",248890,"Colorado"
"08025","08067",17808,"Colorado"
"08025","08069",45512,"Colorado"
"08025","08071",583096,"Colorado"
"08025","08073",1452546,"Colorado"
"08025","08075",242339,"Colorado"
"08025","08077",47630,"Colorado"
"08025","08079",120703,"Colorado"
"08025","08081",67170,"Colorado"
"08025","08083",35735,"Colorado"
"08025","08085",53153,"Colorado"
"08025","08087",79436,"Colorado"
"08025","08089",12770129,"Colorado"
"08025","08091",14317,"Colorado"
"08025","08093",66674,"Colorado"
"08025","08095",82635,"Colorado"
"08025","08097",4222,"Colorado"
"08025","08099",1157439,"Colorado"
"08025","08101",900480,"Colorado"
"08025","08103",151500,"Colorado"
"08025","08105",148817,"Colorado"
"08025","08107",32258,"Colorado"
"08025","08109",145785,"Colorado"
"08025","08111",31595,"Colorado"
"08025","08113",12099,"Colorado"
"08025","08115",227048,"Colorado"
"08025","08117",26194,"Colorado"
"08025","08119",64818,"Colorado"
"08025","08121",501150,"Colorado"
"08025","08123",64070,"Colorado"
"08025","08125",312206,"Colorado"
"08027","08029",90780,"Colorado"
"08027","08031",32896,"Colorado"
"08027","08033",30199,"Colorado"
"08027","08035",44241,"Colorado"
"08027","08037",59196,"Colorado"
"08027","08039",125574,"Colorado"
"08027","08041",83158,"Colorado"
"08027","08043",2560849,"Colorado"
"08027","08045",46019,"Colorado"
"08027","08047",53360,"Colorado"
"08027","08049",82702,"Colorado"
"08027","08051",123305,"Colorado"
"08027","08053",294038,"Colorado"
"08027","08055",636375,"Colorado"
"08027","08057",327962,"Colorado"
"08027","08059",50665,"Colorado"
"08027","08061",554055,"Colorado"
"08027","08063",106291,"Colorado"
"08027","08065",93044,"Colorado"
"08027","08067",46820,"Colorado"
"08027","08069",43133,"Colorado"
"08027","08071",155511,"Colorado"
"08027","08073",145236,"Colorado"
"08027","08075",66347,"Colorado"
"08027","08077",55476,"Colorado"
"08027","08079",233233,"Colorado"
"08027","08081",97595,"Colorado"
"08027","08083",39324,"Colorado"
"08027","08085",54172,"Colorado"
"08027","08087",67701,"Colorado"
"08027","08089",287196,"Colorado"
"08027","08091",51624,"Colorado"
"08027","08093",167077,"Colorado"
"08027","08095",48606,"Colorado"
"08027","08097",19504,"Colorado"
"08027","08099",273749,"Colorado"
"08027","08101",313297,"Colorado"
"08027","08103",140431,"Colorado"
"08027","08105",148655,"Colorado"
"08027","08107",109728,"Colorado"
"08027","08109",1611070,"Colorado"
"08027","08111",53082,"Colorado"
"08027","08113",32368,"Colorado"
"08027","08115",66369,"Colorado"
"08027","08117",47261,"Colorado"
"08027","08119",167408,"Colorado"
"08027","08121",151424,"Colorado"
"08027","08123",46614,"Colorado"
"08027","08125",105110,"Colorado"
"08029","08031",31900,"Colorado"
"08029","08033",284099,"Colorado"
"08029","08035",33265,"Colorado"
"08029","08037",96370,"Colorado"
"08029","08039",61714,"Colorado"
"08029","08041",29119,"Colorado"
"08029","08043",78971,"Colorado"
"08029","08045",347105,"Colorado"
"08029","08047",85043,"Colorado"
"08029","08049",111216,"Colorado"
"08029","08051",498099,"Colorado"
"08029","08053",320997,"Colorado"
"08029","08055",48716,"Colorado"
"08029","08057",259612,"Colorado"
"08029","08059",45132,"Colorado"
"08029","08061",52083,"Colorado"
"08029","08063",67511,"Colorado"
"08029","08065",97806,"Colorado"
"08029","08067",127269,"Colorado"
"08029","08069",51468,"Colorado"
"08029","08071",42704,"Colorado"
"08029","08073",90827,"Colorado"
"08029","08075",58229,"Colorado"
"08029","08077",861115,"Colorado"
"08029","08079",75048,"Colorado"
"08029","08081",447677,"Colorado"
"08029","08083",163487,"Colorado"
"08029","08085",2309602,"Colorado"
"08029","08087",51828,"Colorado"
"08029","08089",60462,"Colorado"
"08029","08091",639513,"Colorado"
"08029","08093",59286,"Colorado"
"08029","08095",46062,"Colorado"
"08029","08097",166146,"Colorado"
"08029","08099",73270,"Colorado"
"08029","08101",34093,"Colorado"
"08029","08103",710741,"Colorado"
"08029","08105",87491,"Colorado"
"08029","08107",128114,"Colorado"
"08029","08109",139872,"Colorado"
"08029","08111",207072,"Colorado"
"08029","08113",384017,"Colorado"
"08029","08115",62321,"Colorado"
"08029","08117",39795,"Colorado"
"08029","08119",40823,"Colorado"
"08029","08121",78543,"Colorado"
"08029","08123",55284,"Colorado"
"08029","08125",80285,"Colorado"
"08031","08033",21390,"Colorado"
"08031","08035",149553,"Colorado"
"08031","08037",91705,"Colorado"
"08031","08039",110396,"Colorado"
"08031","08041",46866,"Colorado"
"08031","08043",26309,"Colorado"
"08031","08045",54748,"Colorado"
"08031","08047",108964,"Colorado"
"08031","08049",89318,"Colorado"
"08031","08051",72766,"Colorado"
"08031","08053",24068,"Colorado"
"08031","08055",45077,"Colorado"
"08031","08057",40880,"Colorado"
"08031","08059",231461,"Colorado"
"08031","08061",27167,"Colorado"
"08031","08063",37343,"Colorado"
"08031","08065",83269,"Colorado"
"08031","08067",48459,"Colorado"
"08031","08069",72154,"Colorado"
"08031","08071",55243,"Colorado"
"08031","08073",38232,"Colorado"
"08031","08075",39250,"Colorado"
"08031","08077",40200,"Colorado"
"08031","08079",26926,"Colorado"
"08031","08081",27880,"Colorado"
"08031","08083",20059,"Colorado"
"08031","08085",29091,"Colorado"
"08031","08087",53835,"Colorado"
"08031","08089",43390,"Colorado"
"08031","08091",50445,"Colorado"
"08031","08093",92318,"Colorado"
"08031","08095",34542,"Colorado"
"08031","08097",89574,"Colorado"
"08031","08099",36500,"Colorado"
"08031","08101",59367,"Colorado"
"08031","08103",21708,"Colorado"
"08031","08105",47851,"Colorado"
"08031","08107",84001,"Colorado"
"08031","08109",58838,"Colorado"
"08031","08111",52450,"Colorado"
"08031","08113",69423,"Colorado"
"08031","08115",29607,"Colorado"
"08031","08117",100909,"Colorado"
"08031","08119",30143,"Colorado"
"08031","08121",36358,"Colorado"
"08031","08123",87007,"Colorado"
"08031","08125",38495,"Colorado"
"08033","08035",22156,"Colorado"
"08033","08037",76993,"Colorado"
"08033","08039",35157,"Colorado"
"08033","08041",20442,"Colorado"
"08033","08043",72602,"Colorado"
"08033","08045",88695,"Colorado"
"08033","08047",28281,"Colorado"
"08033","08049",67401,"Colorado"
"08033","08051",227998,"Colorado"
"08033","08053",69562,"Colorado"
"08033","08055",26792,"Colorado"
"08033","08057",210875,"Colorado"
"08033","08059",29836,"Colorado"
"08033","08061",29449,"Colorado"
"08033","08063",42186,"Colorado"
"08033","08065",124215,"Colorado"
"08033","08067",970477,"Colorado"
"08033","08069",31897,"Colorado"
"08033","08071",46463,"Colorado"
"08033","08073",87148,"Colorado"
"08033","08075",128525,"Colorado"
"08033","08077",461969,"Colorado"
"08033","08079",58001,"Colorado"
"08033","08081",183334,"Colorado"
"08033","08083",9152547,"Colorado"
"08033","08085",633489,"Colorado"
"08033","08087",38896,"Colorado"
"08033","08089",63366,"Colorado"
"08033","08091",849719,"Colorado"
"08033","08093",48374,"Colorado"
"08033","08095",65258,"Colorado"
"08033","08097",119450,"Colorado"
"08033","08099",36581,"Colorado"
"08033","08101",19743,"Colorado"
"08033","08103",510209,"Colorado"
"08033","08105",126727,"Colorado"
"08033","08107",72131,"Colorado"
"08033","08109",48682,"Colorado"
"08033","08111",867645,"Colorado"
"08033","08113",6749737,"Colorado"
"08033","08115",27691,"Colorado"
"08033","08117",50248,"Colorado"
"08033","08119",26791,"Colorado"
"08033","08121",96378,"Colorado"
"08033","08123",41132,"Colorado"
"08033","08125",107072,"Colorado"
"08035","08037",54489,"Colorado"
"08035","08039",623581,"Colorado"
"08035","08041",62129,"Colorado"
"08035","08043",42586,"Colorado"
"08035","08045",40334,"Colorado"
"08035","08047",74792,"Colorado"
"08035","08049",85550,"Colorado"
"08035","08051",65518,"Colorado"
"08035","08053",36871,"Colorado"
"08035","08055",39639,"Colorado"
"08035","08057",37670,"Colorado"
"08035","08059",155914,"Colorado"
"08035","08061",70584,"Colorado"
"08035","08063",56661,"Colorado"
"08035","08065",50177,"Colorado"
"08035","08067",40666,"Colorado"
"08035","08069",69645,"Colorado"
"08035","08071",39809,"Colorado"
"08035","08073",69254,"Colorado"
"08035","08075",48220,"Colorado"
"08035","08077",48679,"Colorado"
"08035","08079",30863,"Colorado"
"08035","08081",34341,"Colorado"
"08035","08083",20169,"Colorado"
"08035","08085",34125,"Colorado"
"08035","08087",42961,"Colorado"
"08035","08089",46571,"Colorado"
"08035","08091",40114,"Colorado"
"08035","08093",109484,"Colorado"
"08035","08095",41927,"Colorado"
"08035","08097",37120,"Colorado"
"08035","08099",40502,"Colorado"
"08035","08101",46463,"Colorado"
"08035","08103",44534,"Colorado"
"08035","08105",37668,"Colorado"
"08035","08107",64898,"Colorado"
"08035","08109",31027,"Colorado"
"08035","08111",38722,"Colorado"
"08035","08113",33122,"Colorado"
"08035","08115",39317,"Colorado"
"08035","08117",67489,"Colorado"
"08035","08119",54644,"Colorado"
"08035","08121",54428,"Colorado"
"08035","08123",65670,"Colorado"
"08035","08125",41122,"Colorado"
"08037","08039",50182,"Colorado"
"08037","08041",22291,"Colorado"
"08037","08043",24581,"Colorado"
"08037","08045",932169,"Colorado"
"08037","08047",57604,"Colorado"
"08037","08049",187458,"Colorado"
"08037","08051",212543,"Colorado"
"08037","08053",55635,"Colorado"
"08037","08055",38075,"Colorado"
"08037","08057",91898,"Colorado"
"08037","08059",69655,"Colorado"
"08037","08061",21605,"Colorado"
"08037","08063",33082,"Colorado"
"08037","08065",1593204,"Colorado"
"08037","08067",73887,"Colorado"
"08037","08069",53960,"Colorado"
"08037","08071",23620,"Colorado"
"08037","08073",39333,"Colorado"
"08037","08075",23789,"Colorado"
"08037","08077",148391,"Colorado"
"08037","08079",37284,"Colorado"
"08037","08081",74868,"Colorado"
"08037","08083",32575,"Colorado"
"08037","08085",91990,"Colorado"
"08037","08087",25551,"Colorado"
"08037","08089",22551,"Colorado"
"08037","08091",123398,"Colorado"
"08037","08093",77918,"Colorado"
"08037","08095",28822,"Colorado"
"08037","08097",1700313,"Colorado"
"08037","08099",24110,"Colorado"
"08037","08101",22001,"Colorado"
"08037","08103",86402,"Colorado"
"08037","08105",52369,"Colorado"
"08037","08107",248595,"Colorado"
"08037","08109",62358,"Colorado"
"08037","08111",156183,"Colorado"
"08037","08113",201945,"Colorado"
"08037","08115",19548,"Colorado"
"08037","08117",439817,"Colorado"
"08037","08119",21846,"Colorado"
"08037","08121",35619,"Colorado"
"08037","08123",37528,"Colorado"
"08037","08125",63890,"Colorado"
"08039","08041",110626,"Colorado"
"08039","08043",110165,"Colorado"
"08039","08045",51019,"Colorado"
"08039","08047",95268,"Colorado"
"08039","08049",121538,"Colorado"
"08039","08051",78503,"Colorado"
"08039","08053",64491,"Colorado"
"08039","08055",112567,"Colorado"
"08039","08057",121621,"Colorado"
"08039","08059",138837,"Colorado"
"08039","08061",341848,"Colorado"
"08039","08063",269016,"Colorado"
"08039","08065",52842,"Colorado"
"08039","08067",55120,"Colorado"
"08039","08069",78054,"Colorado"
"08039","08071",84457,"Colorado"
"08039","08073",1289087,"Colorado"
"08039","08075",158604,"Colorado"
"08039","08077",66815,"Colorado"
"08039","08079",71555,"Colorado"
"08039","08081",77021,"Colorado"
"08039","08083",39147,"Colorado"
"08039","08085",59615,"Colorado"
"08039","08087",113027,"Colorado"
"08039","08089",131543,"Colorado"
"08039","08091",40256,"Colorado"
"08039","08093",157437,"Colorado"
"08039","08095",151607,"Colorado"
"08039","08097",26421,"Colorado"
"08039","08099",121617,"Colorado"
"08039","08101",67640,"Colorado"
"08039","08103",105066,"Colorado"
"08039","08105",69810,"Colorado"
"08039","08107",88014,"Colorado"
"08039","08109",49950,"Colorado"
"08039","08111",37964,"Colorado"
"08039","08113",29228,"Colorado"
"08039","08115",151069,"Colorado"
"08039","08117",61117,"Colorado"
"08039","08119",93818,"Colorado"
"08039","08121",264789,"Colorado"
"08039","08123",98012,"Colorado"
"08039","08125",172569,"Colorado"
"08041","08043",133772,"Colorado"
"08041","08045",24196,"Colorado"
"08041","08047",29920,"Colorado"
"08041","08049",34357,"Colorado"
"08041","08051",56570,"Colorado"
"08041","08053",33437,"Colorado"
"08041","08055",86616,"Colorado"
"08041","08057",26418,"Colorado"
"08041","08059",38406,"Colorado"
"08041","08061",112298,"Colorado"
"08041","08063",55854,"Colorado"
"08041","08065",41786,"Colorado"
"08041","08067",27000,"Colorado"
"08041","08069",39120,"Colorado"
"08041","08071",85760,"Colorado"
"08041","08073",121627,"Colorado"
"08041","08075",31953,"Colorado"
"08041","08077",33567,"Colorado"
"08041","08079",26230,"Colorado"
"08041","08081",26758,"Colorado"
"08041","08083",18178,"Colorado"
"08041","08085",28541,"Colorado"
"08041","08087",30205,"Colorado"
"08041","08089",115106,"Colorado"
"08041","08091",23441,"Colorado"
"08041","08093",59401,"Colorado"
"08041","08095",23706,"Colorado"
"08041","08097",18139,"Colorado"
"08041","08099",100334,"Colorado"
"08041","08101",153831,"Colorado"
"08041","08103",26340,"Colorado"
"08041","08105",75316,"Colorado"
"08041","08107",28795,"Colorado"
"08041","08109",60139,"Colorado"
"08041","08111",27584,"Colorado"
"08041","08113",23613,"Colorado"
"08041","08115",25737,"Colorado"
"08041","08117",34413,"Colorado"
"08041","08119",266347,"Colorado"
"08041","08121",36346,"Colorado"
"08041","08123",34669,"Colorado"
"08041","08125",36267,"Colorado"
"08043","08045",43861,"Colorado"
"08043","08047",32524,"Colorado"
"08043","08049",72798,"Colorado"
"08043","08051",130374,"Colorado"
"08043","08053",145371,"Colorado"
"08043","08055",234595,"Colorado"
"08043","08057",94735,"Colorado"
"08043","08059",38510,"Colorado"
"08043","08061",278354,"Colorado"
"08043","08063",104856,"Colorado"
"08043","08065",151465,"Colorado"
"08043","08067",53210,"Colorado"
"08043","08069",44654,"Colorado"
"08043","08071",146535,"Colorado"
"08043","08073",172040,"Colorado"
"08043","08075",90722,"Colorado"
"08043","08077",62651,"Colorado"
"08043","08079",90149,"Colorado"
"08043","08081",91027,"Colorado"
"08043","08083",42304,"Colorado"
"08043","08085",55962,"Colorado"
"08043","08087",44188,"Colorado"
"08043","08089",291618,"Colorado"
"08043","08091",44900,"Colorado"
"08043","08093",201215,"Colorado"
"08043","08095",35844,"Colorado"
"08043","08097",11989,"Colorado"
"08043","08099",228726,"Colorado"
"08043","08101",511797,"Colorado"
"08043","08103",75439,"Colorado"
"08043","08105",170102,"Colorado"
"08043","08107",41698,"Colorado"
"08043","08109",255087,"Colorado"
"08043","08111",79734,"Colorado"
"08043","08113",40313,"Colorado"
"08043","08115",43941,"Colorado"
"08043","08117",41475,"Colorado"
"08043","08119",286259,"Colorado"
"08043","08121",68545,"Colorado"
"08043","08123",50115,"Colorado"
"08043","08125",56265,"Colorado"
"08045","08047",53927,"Colorado"
"08045","08049",125346,"Colorado"
"08045","08051",238304,"Colorado"
"08045","08053",80452,"Colorado"
"08045","08055",38563,"Colorado"
"08045","08057",109819,"Colorado"
"08045","08059",49398,"Colorado"
"08045","08061",84155,"Colorado"
"08045","08063",63215,"Colorado"
"08045","08065",320603,"Colorado"
"08045","08067",85667,"Colorado"
"08045","08069",60535,"Colorado"
"08045","08071",30119,"Colorado"
"08045","08073",40193,"Colorado"
"08045","08075",41808,"Colorado"
"08045","08077",547909,"Colorado"
"08045","08079",89798,"Colorado"
"08045","08081",321731,"Colorado"
"08045","08083",61112,"Colorado"
"08045","08085",227398,"Colorado"
"08045","08087",40592,"Colorado"
"08045","08089",34361,"Colorado"
"08045","08091",132068,"Colorado"
"08045","08093",49980,"Colorado"
"08045","08095",85705,"Colorado"
"08045","08097",2519563,"Colorado"
"08045","08099",37420,"Colorado"
"08045","08101",24753,"Colorado"
"08045","08103",768077,"Colorado"
"08045","08105",74777,"Colorado"
"08045","08107",166501,"Colorado"
"08045","08109",80850,"Colorado"
"08045","08111",186654,"Colorado"
"08045","08113",184890,"Colorado"
"08045","08115",47729,"Colorado"
"08045","08117",130377,"Colorado"
"08045","08119",24322,"Colorado"
"08045","08121",53500,"Colorado"
"08045","08123",55920,"Colorado"
"08045","08125",63377,"Colorado"
"08047","08049",147159,"Colorado"
"08047","08051",88095,"Colorado"
"08047","08053",21143,"Colorado"
"08047","08055",50284,"Colorado"
"08047","08057",92567,"Colorado"
"08047","08059",246327,"Colorado"
"08047","08061",42728,"Colorado"
"08047","08063",27800,"Colorado"
"08047","08065",83177,"Colorado"
"08047","08067",40864,"Colorado"
"08047","08069",63828,"Colorado"
"08047","08071",74937,"Colorado"
"08047","08073",46630,"Colorado"
"08047","08075",41698,"Colorado"
"08047","08077",42487,"Colorado"
"08047","08079",26957,"Colorado"
"08047","08081",32218,"Colorado"
"08047","08083",27189,"Colorado"
"08047","08085",39935,"Colorado"
"08047","08087",59728,"Colorado"
"08047","08089",47839,"Colorado"
"08047","08091",78682,"Colorado"
"08047","08093",172071,"Colorado"
"08047","08095",38518,"Colorado"
"08047","08097",42780,"Colorado"
"08047","08099",54815,"Colorado"
"08047","08101",32879,"Colorado"
"08047","08103",63801,"Colorado"
"08047","08105",43283,"Colorado"
"08047","08107",79113,"Colorado"
"08047","08109",71396,"Colorado"
"08047","08111",236465,"Colorado"
"08047","08113",96568,"Colorado"
"08047","08115",31801,"Colorado"
"08047","08117",108366,"Colorado"
"08047","08119",50851,"Colorado"
"08047","08121",33381,"Colorado"
"08047","08123",76943,"Colorado"
"08047","08125",23533,"Colorado"
"08049","08051",130050,"Colorado"
"08049","08053",40322,"Colorado"
"08049","08055",42210,"Colorado"
"08049","08057",1828341,"Colorado"
"08049","08059",124891,"Colorado"
"08049","08061",249331,"Colorado"
"08049","08063",99329,"Colorado"
"08049","08065",328353,"Colorado"
"08049","08067",69784,"Colorado"
"08049","08069",92709,"Colorado"
"08049","08071",36045,"Colorado"
"08049","08073",108790,"Colorado"
"08049","08075",91206,"Colorado"
"08049","08077",105080,"Colorado"
"08049","08079",37256,"Colorado"
"08049","08081",278947,"Colorado"
"08049","08083",43157,"Colorado"
"08049","08085",87829,"Colorado"
"08049","08087",77998,"Colorado"
"08049","08089",47534,"Colorado"
"08049","08091",116376,"Colorado"
"08049","08093",163852,"Colorado"
"08049","08095",83961,"Colorado"
"08049","08097",115468,"Colorado"
"08049","08099",41337,"Colorado"
"08049","08101",28548,"Colorado"
"08049","08103",264691,"Colorado"
"08049","08105",43754,"Colorado"
"08049","08107",412283,"Colorado"
"08049","08109",56752,"Colorado"
"08049","08111",102548,"Colorado"
"08049","08113",120480,"Colorado"
"08049","08115",65754,"Colorado"
"08049","08117",514714,"Colorado"
"08049","08119",36208,"Colorado"
"08049","08121",152051,"Colorado"
"08049","08123",76742,"Colorado"
"08049","08125",121620,"Colorado"
"08051","08053",2300753,"Colorado"
"08051","08055",73746,"Colorado"
"08051","08057",295698,"Colorado"
"08051","08059",92170,"Colorado"
"08051","08061",166738,"Colorado"
"08051","08063",101704,"Colorado"
"08051","08065",255675,"Colorado"
"08051","08067",202647,"Colorado"
"08051","08069",84437,"Colorado"
"08051","08071",61936,"Colorado"
"08051","08073",90680,"Colorado"
"08051","08075",58293,"Colorado"
"08051","08077",194973,"Colorado"
"08051","08079",132892,"Colorado"
"08051","08081",131746,"Colorado"
"08051","08083",116570,"Colorado"
"08051","08085",465864,"Colorado"
"08051","08087",43534,"Colorado"
"08051","08089",66298,"Colorado"
"08051","08091",487011,"Colorado"
"08051","08093",127524,"Colorado"
"08051","08095",24725,"Colorado"
"08051","08097",301800,"Colorado"
"08051","08099",130161,"Colorado"
"08051","08101",45317,"Colorado"
"08051","08103",174711,"Colorado"
"08051","08105",186190,"Colorado"
"08051","08107",200883,"Colorado"
"08051","08109",249041,"Colorado"
"08051","08111",815181,"Colorado"
"08051","08113",454240,"Colorado"
"08051","08115",41814,"Colorado"
"08051","08117",241611,"Colorado"
"08051","08119",88436,"Colorado"
"08051","08121",102039,"Colorado"
"08051","08123",56881,"Colorado"
"08051","08125",52614,"Colorado"
"08053","08055",74007,"Colorado"
"08053","08057",166273,"Colorado"
"08053","08059",37503,"Colorado"
"08053","08061",24328,"Colorado"
"08053","08063",26641,"Colorado"
"08053","08065",37759,"Colorado"
"08053","08067",109895,"Colorado"
"08053","08069",32657,"Colorado"
"08053","08071",275916,"Colorado"
"08053","08073",32730,"Colorado"
"08053","08075",9915,"Colorado"
"08053","08077",171588,"Colorado"
"08053","08079",5745449,"Colorado"
"08053","08081",40825,"Colorado"
"08053","08083",103112,"Colorado"
"08053","08085",334631,"Colorado"
"08053","08087",8609,"Colorado"
"08053","08089",16628,"Colorado"
"08053","08091",1692554,"Colorado"
"08053","08093",99558,"Colorado"
"08053","08095",3827,"Colorado"
"08053","08097",43788,"Colorado"
"08053","08099",8690,"Colorado"
"08053","08101",28128,"Colorado"
"08053","08103",78595,"Colorado"
"08053","08105",566937,"Colorado"
"08053","08107",61827,"Colorado"
"08053","08109",84865,"Colorado"
"08053","08111",8192252,"Colorado"
"08053","08113",176066,"Colorado"
"08053","08115",4506,"Colorado"
"08053","08117",107585,"Colorado"
"08053","08119",30217,"Colorado"
"08053","08121",20065,"Colorado"
"08053","08123",19229,"Colorado"
"08053","08125",13733,"Colorado"
"08055","08057",109843,"Colorado"
"08055","08059",53659,"Colorado"
"08055","08061",303970,"Colorado"
"08055","08063",91262,"Colorado"
"08055","08065",80812,"Colorado"
"08055","08067",41603,"Colorado"
"08055","08069",48999,"Colorado"
"08055","08071",2963888,"Colorado"
"08055","08073",126196,"Colorado"
"08055","08075",41957,"Colorado"
"08055","08077",35172,"Colorado"
"08055","08079",307556,"Colorado"
"08055","08081",47263,"Colorado"
"08055","08083",38365,"Colorado"
"08055","08085",37368,"Colorado"
"08055","08087",55868,"Colorado"
"08055","08089",600881,"Colorado"
"08055","08091",34523,"Colorado"
"08055","08093",69576,"Colorado"
"08055","08095",25193,"Colorado"
"08055","08097",13561,"Colorado"
"08055","08099",398847,"Colorado"
"08055","08101",1013255,"Colorado"
"08055","08103",63629,"Colorado"
"08055","08105",494281,"Colorado"
"08055","08107",26935,"Colorado"
"08055","08109",357979,"Colorado"
"08055","08111",71265,"Colorado"
"08055","08113",67045,"Colorado"
"08055","08115",44717,"Colorado"
"08055","08117",18118,"Colorado"
"08055","08119",86051,"Colorado"
"08055","08121",81166,"Colorado"
"08055","08123",54974,"Colorado"
"08055","08125",59893,"Colorado"
"08057","08059",73641,"Colorado"
"08057","08061",262557,"Colorado"
"08057","08063",260316,"Colorado"
"08057","08065",200426,"Colorado"
"08057","08067",74442,"Colorado"
"08057","08069",272571,"Colorado"
"08057","08071",86852,"Colorado"
"08057","08073",188984,"Colorado"
"08057","08075",700339,"Colorado"
"08057","08077",204944,"Colorado"
"08057","08079",67156,"Colorado"
"08057","08081",1004813,"Colorado"
"08057","08083",87401,"Colorado"
"08057","08085",136225,"Colorado"
"08057","08087",259865,"Colorado"
"08057","08089",192091,"Colorado"
"08057","08091",66328,"Colorado"
"08057","08093",181222,"Colorado"
"08057","08095",595400,"Colorado"
"08057","08097",18016,"Colorado"
"08057","08099",200091,"Colorado"
"08057","08101",35107,"Colorado"
"08057","08103",928763,"Colorado"
"08057","08105",185390,"Colorado"
"08057","08107",1329912,"Colorado"
"08057","08109",50162,"Colorado"
"08057","08111",44697,"Colorado"
"08057","08113",147964,"Colorado"
"08057","08115",574162,"Colorado"
"08057","08117",66851,"Colorado"
"08057","08119",50040,"Colorado"
"08057","08121",947758,"Colorado"
"08057","08123",296159,"Colorado"
"08057","08125",398583,"Colorado"
"08059","08061",40034,"Colorado"
"08059","08063",52153,"Colorado"
"08059","08065",92143,"Colorado"
"08059","08067",52243,"Colorado"
"08059","08069",73824,"Colorado"
"08059","08071",55627,"Colorado"
"08059","08073",57826,"Colorado"
"08059","08075",51623,"Colorado"
"08059","08077",55195,"Colorado"
"08059","08079",36127,"Colorado"
"08059","08081",40922,"Colorado"
"08059","08083",24910,"Colorado"
"08059","08085",37731,"Colorado"
"08059","08087",56645,"Colorado"
"08059","08089",44887,"Colorado"
"08059","08091",57123,"Colorado"
"08059","08093",248917,"Colorado"
"08059","08095",44010,"Colorado"
"08059","08097",53179,"Colorado"
"08059","08099",44965,"Colorado"
"08059","08101",48801,"Colorado"
"08059","08103",42534,"Colorado"
"08059","08105",57056,"Colorado"
"08059","08107",88445,"Colorado"
"08059","08109",60921,"Colorado"
"08059","08111",66626,"Colorado"
"08059","08113",52080,"Colorado"
"08059","08115",53645,"Colorado"
"08059","08117",105063,"Colorado"
"08059","08119",39759,"Colorado"
"08059","08121",62472,"Colorado"
"08059","08123",88148,"Colorado"
"08059","08125",45506,"Colorado"
"08061","08063",3606158,"Colorado"
"08061","08065",68434,"Colorado"
"08061","08067",29130,"Colorado"
"08061","08069",65598,"Colorado"
"08061","08071",464462,"Colorado"
"08061","08073",6743743,"Colorado"
"08061","08075",471237,"Colorado"
"08061","08077",65470,"Colorado"
"08061","08079",326398,"Colorado"
"08061","08081",84361,"Colorado"
"08061","08083",44777,"Colorado"
"08061","08085",51848,"Colorado"
"08061","08087",318728,"Colorado"
"08061","08089",3306875,"Colorado"
"08061","08091",18907,"Colorado"
"08061","08093",143739,"Colorado"
"08061","08095",425249,"Colorado"
"08061","08097",13221,"Colorado"
"08061","08099",20164418,"Colorado"
"08061","08101",301863,"Colorado"
"08061","08103",157792,"Colorado"
"08061","08105",321133,"Colorado"
"08061","08107",54797,"Colorado"
"08061","08109",106309,"Colorado"
"08061","08111",34006,"Colorado"
"08061","08113",16790,"Colorado"
"08061","08115",399428,"Colorado"
"08061","08117",14813,"Colorado"
"08061","08119",75761,"Colorado"
"08061","08121",1508674,"Colorado"
"08061","08123",121786,"Colorado"
"08061","08125",1455232,"Colorado"
"08063","08065",36697,"Colorado"
"08063","08067",31609,"Colorado"
"08063","08069",88491,"Colorado"
"08063","08071",111163,"Colorado"
"08063","08073",6950166,"Colorado"
"08063","08075",929797,"Colorado"
"08063","08077",54451,"Colorado"
"08063","08079",70032,"Colorado"
"08063","08081",93605,"Colorado"
"08063","08083",21298,"Colorado"
"08063","08085",81278,"Colorado"
"08063","08087",459314,"Colorado"
"08063","08089",363991,"Colorado"
"08063","08091",26547,"Colorado"
"08063","08093",70359,"Colorado"
"08063","08095",1325006,"Colorado"
"08063","08097",14874,"Colorado"
"08063","08099",1223852,"Colorado"
"08063","08101",80256,"Colorado"
"08063","08103",105883,"Colorado"
"08063","08105",145673,"Colorado"
"08063","08107",49873,"Colorado"
"08063","08109",56301,"Colorado"
"08063","08111",48101,"Colorado"
"08063","08113",11427,"Colorado"
"08063","08115",696036,"Colorado"
"08063","08117",13473,"Colorado"
"08063","08119",40537,"Colorado"
"08063","08121",4008713,"Colorado"
"08063","08123",180481,"Colorado"
"08063","08125",5062198,"Colorado"
"08065","08067",85877,"Colorado"
"08065","08069",62084,"Colorado"
"08065","08071",56836,"Colorado"
"08065","08073",53384,"Colorado"
"08065","08075",22911,"Colorado"
"08065","08077",180742,"Colorado"
"08065","08079",62715,"Colorado"
"08065","08081",187474,"Colorado"
"08065","08083",38406,"Colorado"
"08065","08085",126875,"Colorado"
"08065","08087",64427,"Colorado"
"08065","08089",117841,"Colorado"
"08065","08091",101980,"Colorado"
"08065","08093",237725,"Colorado"
"08065","08095",19786,"Colorado"
"08065","08097",150840,"Colorado"
"08065","08099",63126,"Colorado"
"08065","08101",86405,"Colorado"
"08065","08103",56285,"Colorado"
"08065","08105",195855,"Colorado"
"08065","08107",173828,"Colorado"
"08065","08109",271138,"Colorado"
"08065","08111",239321,"Colorado"
"08065","08113",188387,"Colorado"
"08065","08115",24064,"Colorado"
"08065","08117",1565125,"Colorado"
"08065","08119",69429,"Colorado"
"08065","08121",39485,"Colorado"
"08065","08123",63212,"Colorado"
"08065","08125",23840,"Colorado"
"08067","08069",55985,"Colorado"
"08067","08071",33890,"Colorado"
"08067","08073",38290,"Colorado"
"08067","08075",21239,"Colorado"
"08067","08077",117219,"Colorado"
"08067","08079",197736,"Colorado"
"08067","08081",55321,"Colorado"
"08067","08083",1202967,"Colorado"
"08067","08085",139435,"Colorado"
"08067","08087",19694,"Colorado"
"08067","08089",29007,"Colorado"
"08067","08091",337959,"Colorado"
"08067","08093",49487,"Colorado"
"08067","08095",26368,"Colorado"
"08067","08097",97255,"Colorado"
"08067","08099",31727,"Colorado"
"08067","08101",29990,"Colorado"
"08067","08103",93819,"Colorado"
"08067","08105",143566,"Colorado"
"08067","08107",107748,"Colorado"
"08067","08109",96947,"Colorado"
"08067","08111",2221659,"Colorado"
"08067","08113",670339,"Colorado"
"08067","08115",12605,"Colorado"
"08067","08117",80129,"Colorado"
"08067","08119",29049,"Colorado"
"08067","08121",30011,"Colorado"
"08067","08123",34386,"Colorado"
"08067","08125",26672,"Colorado"
"08069","08071",46885,"Colorado"
"08069","08073",63679,"Colorado"
"08069","08075",140023,"Colorado"
"08069","08077",59761,"Colorado"
"08069","08079",33461,"Colorado"
"08069","08081",76497,"Colorado"
"08069","08083",34226,"Colorado"
"08069","08085",45570,"Colorado"
"08069","08087",122200,"Colorado"
"08069","08089",53982,"Colorado"
"08069","08091",54776,"Colorado"
"08069","08093",57912,"Colorado"
"08069","08095",133629,"Colorado"
"08069","08097",41929,"Colorado"
"08069","08099",52734,"Colorado"
"08069","08101",39220,"Colorado"
"08069","08103",73760,"Colorado"
"08069","08105",53316,"Colorado"
"08069","08107",117261,"Colorado"
"08069","08109",56696,"Colorado"
"08069","08111",53075,"Colorado"
"08069","08113",51705,"Colorado"
"08069","08115",124320,"Colorado"
"08069","08117",62847,"Colorado"
"08069","08119",33480,"Colorado"
"08069","08121",143718,"Colorado"
"08069","08123",365812,"Colorado"
"08069","08125",105962,"Colorado"
"08071","08073",170090,"Colorado"
"08071","08075",67303,"Colorado"
"08071","08077",37942,"Colorado"
"08071","08079",78907,"Colorado"
"08071","08081",50793,"Colorado"
"08071","08083",27753,"Colorado"
"08071","08085",35329,"Colorado"
"08071","08087",43778,"Colorado"
"08071","08089",792444,"Colorado"
"08071","08091",15422,"Colorado"
"08071","08093",61805,"Colorado"
"08071","08095",51801,"Colorado"
"08071","08097",10798,"Colorado"
"08071","08099",433087,"Colorado"
"08071","08101",596632,"Colorado"
"08071","08103",71422,"Colorado"
"08071","08105",204850,"Colorado"
"08071","08107",25078,"Colorado"
"08071","08109",134529,"Colorado"
"08071","08111",301808,"Colorado"
"08071","08113",17265,"Colorado"
"08071","08115",80204,"Colorado"
"08071","08117",14282,"Colorado"
"08071","08119",56495,"Colorado"
"08071","08121",134445,"Colorado"
"08071","08123",60575,"Colorado"
"08071","08125",70174,"Colorado"
"08073","08075",808445,"Colorado"
"08073","08077",67985,"Colorado"
"08073","08079",196505,"Colorado"
"08073","08081",71775,"Colorado"
"08073","08083",63343,"Colorado"
"08073","08085",110815,"Colorado"
"08073","08087",324855,"Colorado"
"08073","08089",788701,"Colorado"
"08073","08091",34865,"Colorado"
"08073","08093",78248,"Colorado"
"08073","08095",920265,"Colorado"
"08073","08097",7028,"Colorado"
"08073","08099",773941,"Colorado"
"08073","08101",103397,"Colorado"
"08073","08103",207754,"Colorado"
"08073","08105",142815,"Colorado"
"08073","08107",29769,"Colorado"
"08073","08109",89061,"Colorado"
"08073","08111",19824,"Colorado"
"08073","08113",21099,"Colorado"
"08073","08115",842195,"Colorado"
"08073","08117",17756,"Colorado"
"08073","08119",90108,"Colorado"
"08073","08121",2631351,"Colorado"
"08073","08123",130856,"Colorado"
"08073","08125",1144200,"Colorado"
"08075","08077",51298,"Colorado"
"08075","08079",27728,"Colorado"
"08075","08081",130003,"Colorado"
"08075","08083",46329,"Colorado"
"08075","08085",47516,"Colorado"
"08075","08087",1785703,"Colorado"
"08075","08089",218297,"Colorado"
"08075","08091",25968,"Colorado"
"08075","08093",47283,"Colorado"
"08075","08095",6069609,"Colorado"
"08075","08097",6096,"Colorado"
"08075","08099",171858,"Colorado"
"08075","08101",58747,"Colorado"
"08075","08103",184495,"Colorado"
"08075","08105",46034,"Colorado"
"08075","08107",57050,"Colorado"
"08075","08109",51712,"Colorado"
"08075","08111",20136,"Colorado"
"08075","08113",11769,"Colorado"
"08075","08115",5549554,"Colorado"
"08075","08117",25850,"Colorado"
"08075","08119",45582,"Colorado"
"08075","08121",6181048,"Colorado"
"08075","08123",292646,"Colorado"
"08075","08125",2534182,"Colorado"
"08077","08079",116628,"Colorado"
"08077","08081",526489,"Colorado"
"08077","08083",227208,"Colorado"
"08077","08085",639004,"Colorado"
"08077","08087",52253,"Colorado"
"08077","08089",53101,"Colorado"
"08077","08091",245114,"Colorado"
"08077","08093",52408,"Colorado"
"08077","08095",49197,"Colorado"
"08077","08097",110031,"Colorado"
"08077","08099",63554,"Colorado"
"08077","08101",41232,"Colorado"
"08077","08103",846933,"Colorado"
"08077","08105",144401,"Colorado"
"08077","08107",149780,"Colorado"
"08077","08109",75223,"Colorado"
"08077","08111",190495,"Colorado"
"08077","08113",205854,"Colorado"
"08077","08115",44531,"Colorado"
"08077","08117",61071,"Colorado"
"08077","08119",38781,"Colorado"
"08077","08121",61555,"Colorado"
"08077","08123",66144,"Colorado"
"08077","08125",50569,"Colorado"
"08079","08081",60743,"Colorado"
"08079","08083",139828,"Colorado"
"08079","08085",68526,"Colorado"
"08079","08087",28038,"Colorado"
"08079","08089",189524,"Colorado"
"08079","08091",100933,"Colorado"
"08079","08093",110649,"Colorado"
"08079","08095",31562,"Colorado"
"08079","08097",34049,"Colorado"
"08079","08099",272774,"Colorado"
"08079","08101",59175,"Colorado"
"08079","08103",73069,"Colorado"
"08079","08105",7700573,"Colorado"
"08079","08107",37078,"Colorado"
"08079","08109",1113546,"Colorado"
"08079","08111",676159,"Colorado"
"08079","08113",133519,"Colorado"
"08079","08115",34219,"Colorado"
"08079","08117",84568,"Colorado"
"08079","08119",71539,"Colorado"
"08079","08121",72143,"Colorado"
"08079","08123",31461,"Colorado"
"08079","08125",48683,"Colorado"
"08081","08083",111082,"Colorado"
"08081","08085",317155,"Colorado"
"08081","08087",92465,"Colorado"
"08081","08089",112121,"Colorado"
"08081","08091",75356,"Colorado"
"08081","08093",58859,"Colorado"
"08081","08095",91394,"Colorado"
"08081","08097",36214,"Colorado"
"08081","08099",53842,"Colorado"
"08081","08101",36562,"Colorado"
"08081","08103",3703584,"Colorado"
"08081","08105",67352,"Colorado"
"08081","08107",2996725,"Colorado"
"08081","08109",90327,"Colorado"
"08081","08111",69685,"Colorado"
"08081","08113",83217,"Colorado"
"08081","08115",186799,"Colorado"
"08081","08117",40402,"Colorado"
"08081","08119",52184,"Colorado"
"08081","08121",101048,"Colorado"
"08081","08123",78455,"Colorado"
"08081","08125",120690,"Colorado"
"08083","08085",222234,"Colorado"
"08083","08087",22357,"Colorado"
"08083","08089",60911,"Colorado"
"08083","08091",173216,"Colorado"
"08083","08093",33299,"Colorado"
"08083","08095",38175,"Colorado"
"08083","08097",42672,"Colorado"
"08083","08099",26147,"Colorado"
"08083","08101",22112,"Colorado"
"08083","08103",203655,"Colorado"
"08083","08105",133540,"Colorado"
"08083","08107",43871,"Colorado"
"08083","08109",84715,"Colorado"
"08083","08111",453173,"Colorado"
"08083","08113",537713,"Colorado"
"08083","08115",28302,"Colorado"
"08083","08117",25645,"Colorado"
"08083","08119",34305,"Colorado"
"08083","08121",48423,"Colorado"
"08083","08123",30964,"Colorado"
"08083","08125",31476,"Colorado"
"08085","08087",48083,"Colorado"
"08085","08089",52631,"Colorado"
"08085","08091",2462718,"Colorado"
"08085","08093",48618,"Colorado"
"08085","08095",50298,"Colorado"
"08085","08097",73508,"Colorado"
"08085","08099",63734,"Colorado"
"08085","08101",29006,"Colorado"
"08085","08103",432098,"Colorado"
"08085","08105",134595,"Colorado"
"08085","08107",91168,"Colorado"
"08085","08109",119947,"Colorado"
"08085","08111",627758,"Colorado"
"08085","08113",1443566,"Colorado"
"08085","08115",52297,"Colorado"
"08085","08117",41281,"Colorado"
"08085","08119",32809,"Colorado"
"08085","08121",72075,"Colorado"
"08085","08123",42782,"Colorado"
"08085","08125",56634,"Colorado"
"08087","08089",124972,"Colorado"
"08087","08091",16897,"Colorado"
"08087","08093",48169,"Colorado"
"08087","08095",995403,"Colorado"
"08087","08097",8211,"Colorado"
"08087","08099",160495,"Colorado"
"08087","08101",44747,"Colorado"
"08087","08103",127450,"Colorado"
"08087","08105",99907,"Colorado"
"08087","08107",39298,"Colorado"
"08087","08109",55281,"Colorado"
"08087","08111",15227,"Colorado"
"08087","08113",15454,"Colorado"
"08087","08115",782026,"Colorado"
"08087","08117",19004,"Colorado"
"08087","08119",33809,"Colorado"
"08087","08121",3745848,"Colorado"
"08087","08123",421982,"Colorado"
"08087","08125",1125482,"Colorado"
"08089","08091",19697,"Colorado"
"08089","08093",81412,"Colorado"
"08089","08095",164552,"Colorado"
"08089","08097",8185,"Colorado"
"08089","08099",2422685,"Colorado"
"08089","08101",1067034,"Colorado"
"08089","08103",103395,"Colorado"
"08089","08105",264562,"Colorado"
"08089","08107",24769,"Colorado"
"08089","08109",167809,"Colorado"
"08089","08111",67157,"Colorado"
"08089","08113",10819,"Colorado"
"08089","08115",146987,"Colorado"
"08089","08117",23541,"Colorado"
"08089","08119",69152,"Colorado"
"08089","08121",314140,"Colorado"
"08089","08123",90730,"Colorado"
"08089","08125",171850,"Colorado"
"08091","08093",91363,"Colorado"
"08091","08095",18928,"Colorado"
"08091","08097",148462,"Colorado"
"08091","08099",13755,"Colorado"
"08091","08101",21153,"Colorado"
"08091","08103",106123,"Colorado"
"08091","08105",63782,"Colorado"
"08091","08107",104984,"Colorado"
"08091","08109",153343,"Colorado"
"08091","08111",3350431,"Colorado"
"08091","08113",5785175,"Colorado"
"08091","08115",65987,"Colorado"
"08091","08117",136547,"Colorado"
"08091","08119",44997,"Colorado"
"08091","08121",31185,"Colorado"
"08091","08123",30449,"Colorado"
"08091","08125",38517,"Colorado"
"08093","08095",56111,"Colorado"
"08093","08097",48781,"Colorado"
"08093","08099",48820,"Colorado"
"08093","08101",47856,"Colorado"
"08093","08103",54127,"Colorado"
"08093","08105",74776,"Colorado"
"08093","08107",82443,"Colorado"
"08093","08109",92350,"Colorado"
"08093","08111",116020,"Colorado"
"08093","08113",51392,"Colorado"
"08093","08115",51634,"Colorado"
"08093","08117",846516,"Colorado"
"08093","08119",489076,"Colorado"
"08093","08121",85928,"Colorado"
"08093","08123",61062,"Colorado"
"08093","08125",35419,"Colorado"
"08095","08097",14551,"Colorado"
"08095","08099",232434,"Colorado"
"08095","08101",33745,"Colorado"
"08095","08103",104132,"Colorado"
"08095","08105",42423,"Colorado"
"08095","08107",40646,"Colorado"
"08095","08109",42274,"Colorado"
"08095","08111",8662,"Colorado"
"08095","08113",16005,"Colorado"
"08095","08115",15339218,"Colorado"
"08095","08117",13428,"Colorado"
"08095","08119",41231,"Colorado"
"08095","08121",4235791,"Colorado"
"08095","08123",267562,"Colorado"
"08095","08125",6483981,"Colorado"
"08097","08099",13462,"Colorado"
"08097","08101",12027,"Colorado"
"08097","08103",75185,"Colorado"
"08097","08105",29492,"Colorado"
"08097","08107",243806,"Colorado"
"08097","08109",50199,"Colorado"
"08097","08111",257578,"Colorado"
"08097","08113",365277,"Colorado"
"08097","08115",3947,"Colorado"
"08097","08117",219074,"Colorado"
"08097","08119",19243,"Colorado"
"08097","08121",16532,"Colorado"
"08097","08123",21654,"Colorado"
"08097","08125",36371,"Colorado"
"08099","08101",472791,"Colorado"
"08099","08103",97988,"Colorado"
"08099","08105",195352,"Colorado"
"08099","08107",26092,"Colorado"
"08099","08109",138593,"Colorado"
"08099","08111",20541,"Colorado"
"08099","08113",22499,"Colorado"
"08099","08115",145520,"Colorado"
"08099","08117",17673,"Colorado"
"08099","08119",76716,"Colorado"
"08099","08121",376296,"Colorado"
"08099","08123",119850,"Colorado"
"08099","08125",421618,"Colorado"
"08101","08103",39602,"Colorado"
"08101","08105",305405,"Colorado"
"08101","08107",20448,"Colorado"
"08101","08109",191256,"Colorado"
"08101","08111",23436,"Colorado"
"08101","08113",11424,"Colorado"
"08101","08115",42678,"Colorado"
"08101","08117",24423,"Colorado"
"08101","08119",83827,"Colorado"
"08101","08121",63331,"Colorado"
"08101","08123",48602,"Colorado"
"08101","08125",44652,"Colorado"
"08103","08105",101260,"Colorado"
"08103","08107",533321,"Colorado"
"08103","08109",61552,"Colorado"
"08103","08111",213194,"Colorado"
"08103","08113",179781,"Colorado"
"08103","08115",583265,"Colorado"
"08103","08117",32566,"Colorado"
"08103","08119",34702,"Colorado"
"08103","08121",383165,"Colorado"
"08103","08123",94805,"Colorado"
"08103","08125",136819,"Colorado"
"08105","08107",39634,"Colorado"
"08105","08109",8840080,"Colorado"
"08105","08111",117546,"Colorado"
"08105","08113",56698,"Colorado"
"08105","08115",65052,"Colorado"
"08105","08117",38685,"Colorado"
"08105","08119",49315,"Colorado"
"08105","08121",88747,"Colorado"
"08105","08123",68547,"Colorado"
"08105","08125",113618,"Colorado"
"08107","08109",52407,"Colorado"
"08107","08111",239238,"Colorado"
"08107","08113",156494,"Colorado"
"08107","08115",38963,"Colorado"
"08107","08117",227630,"Colorado"
"08107","08119",41999,"Colorado"
"08107","08121",60465,"Colorado"
"08107","08123",57087,"Colorado"
"08107","08125",45732,"Colorado"
"08109","08111",81655,"Colorado"
"08109","08113",135108,"Colorado"
"08109","08115",63553,"Colorado"
"08109","08117",77709,"Colorado"
"08109","08119",60367,"Colorado"
"08109","08121",92977,"Colorado"
"08109","08123",53384,"Colorado"
"08109","08125",91603,"Colorado"
"08111","08113",4633714,"Colorado"
"08111","08115",14535,"Colorado"
"08111","08117",343685,"Colorado"
"08111","08119",35358,"Colorado"
"08111","08121",8406,"Colorado"
"08111","08123",24798,"Colorado"
"08111","08125",50074,"Colorado"
"08113","08115",27234,"Colorado"
"08113","08117",184082,"Colorado"
"08113","08119",22216,"Colorado"
"08113","08121",9265,"Colorado"
"08113","08123",22805,"Colorado"
"08113","08125",26963,"Colorado"
"08115","08117",11671,"Colorado"
"08115","08119",33012,"Colorado"
"08115","08121",2858707,"Colorado"
"08115","08123",236724,"Colorado"
"08115","08125",2303291,"Colorado"
"08117","08119",45418,"Colorado"
"08117","08121",15096,"Colorado"
"08117","08123",43612,"Colorado"
"08117","08125",12692,"Colorado"
"08119","08121",40854,"Colorado"
"08119","08123",33484,"Colorado"
"08119","08125",33129,"Colorado"
"08121","08123",370093,"Colorado"
"08121","08125",16412168,"Colorado"
"08123","08125",261781,"Colorado"
